-- phpMyAdmin SQL Dump
-- version 5.2.1
-- https://www.phpmyadmin.net/
--
-- Host: localhost:3306
-- Generation Time: Apr 08, 2024 at 11:06 AM
-- Server version: 8.0.30
-- PHP Version: 8.1.10

SET SQL_MODE = "NO_AUTO_VALUE_ON_ZERO";
START TRANSACTION;
SET time_zone = "+00:00";


/*!40101 SET @OLD_CHARACTER_SET_CLIENT=@@CHARACTER_SET_CLIENT */;
/*!40101 SET @OLD_CHARACTER_SET_RESULTS=@@CHARACTER_SET_RESULTS */;
/*!40101 SET @OLD_COLLATION_CONNECTION=@@COLLATION_CONNECTION */;
/*!40101 SET NAMES utf8mb4 */;

--
-- Database: `laravel`
--

-- --------------------------------------------------------

--
-- Table structure for table `failed_jobs`
--

CREATE TABLE `failed_jobs` (
  `id` bigint UNSIGNED NOT NULL,
  `uuid` varchar(255) COLLATE utf8mb4_unicode_ci NOT NULL,
  `connection` text COLLATE utf8mb4_unicode_ci NOT NULL,
  `queue` text COLLATE utf8mb4_unicode_ci NOT NULL,
  `payload` longtext COLLATE utf8mb4_unicode_ci NOT NULL,
  `exception` longtext COLLATE utf8mb4_unicode_ci NOT NULL,
  `failed_at` timestamp NOT NULL DEFAULT CURRENT_TIMESTAMP
) ENGINE=InnoDB DEFAULT CHARSET=utf8mb4 COLLATE=utf8mb4_unicode_ci;

-- --------------------------------------------------------

--
-- Table structure for table `migrations`
--

CREATE TABLE `migrations` (
  `id` int UNSIGNED NOT NULL,
  `migration` varchar(255) COLLATE utf8mb4_unicode_ci NOT NULL,
  `batch` int NOT NULL
) ENGINE=InnoDB DEFAULT CHARSET=utf8mb4 COLLATE=utf8mb4_unicode_ci;

--
-- Dumping data for table `migrations`
--

INSERT INTO `migrations` (`id`, `migration`, `batch`) VALUES
(1, '2014_10_12_000000_create_users_table', 1),
(2, '2014_10_12_100000_create_password_reset_tokens_table', 1),
(3, '2014_10_12_100000_create_password_resets_table', 1),
(4, '2019_08_19_000000_create_failed_jobs_table', 1),
(5, '2019_12_14_000001_create_personal_access_tokens_table', 1),
(6, '2024_04_01_082917_create_subjects_table', 2),
(7, '2024_04_01_092745_alter_subjects_table', 2),
(8, '2024_04_01_102121_create_questions_table', 2),
(9, '2024_04_02_092948_alter_questions_table', 2),
(10, '2024_04_03_083339_create_tests_table', 3),
(11, '2024_04_03_100231_alter_tests_table', 4),
(12, '2024_04_03_110315_alter_tests_table', 5),
(13, '2024_04_04_074340_create_test_questions_table', 6);

-- --------------------------------------------------------

--
-- Table structure for table `password_resets`
--

CREATE TABLE `password_resets` (
  `email` varchar(255) COLLATE utf8mb4_unicode_ci NOT NULL,
  `token` varchar(255) COLLATE utf8mb4_unicode_ci NOT NULL,
  `created_at` timestamp NULL DEFAULT NULL
) ENGINE=InnoDB DEFAULT CHARSET=utf8mb4 COLLATE=utf8mb4_unicode_ci;

-- --------------------------------------------------------

--
-- Table structure for table `password_reset_tokens`
--

CREATE TABLE `password_reset_tokens` (
  `email` varchar(255) COLLATE utf8mb4_unicode_ci NOT NULL,
  `token` varchar(255) COLLATE utf8mb4_unicode_ci NOT NULL,
  `created_at` timestamp NULL DEFAULT NULL
) ENGINE=InnoDB DEFAULT CHARSET=utf8mb4 COLLATE=utf8mb4_unicode_ci;

-- --------------------------------------------------------

--
-- Table structure for table `personal_access_tokens`
--

CREATE TABLE `personal_access_tokens` (
  `id` bigint UNSIGNED NOT NULL,
  `tokenable_type` varchar(255) COLLATE utf8mb4_unicode_ci NOT NULL,
  `tokenable_id` bigint UNSIGNED NOT NULL,
  `name` varchar(255) COLLATE utf8mb4_unicode_ci NOT NULL,
  `token` varchar(64) COLLATE utf8mb4_unicode_ci NOT NULL,
  `abilities` text COLLATE utf8mb4_unicode_ci,
  `last_used_at` timestamp NULL DEFAULT NULL,
  `expires_at` timestamp NULL DEFAULT NULL,
  `created_at` timestamp NULL DEFAULT NULL,
  `updated_at` timestamp NULL DEFAULT NULL
) ENGINE=InnoDB DEFAULT CHARSET=utf8mb4 COLLATE=utf8mb4_unicode_ci;

-- --------------------------------------------------------

--
-- Table structure for table `questions`
--

CREATE TABLE `questions` (
  `id` bigint UNSIGNED NOT NULL,
  `title` text COLLATE utf8mb4_unicode_ci,
  `option1` text COLLATE utf8mb4_unicode_ci,
  `option2` text COLLATE utf8mb4_unicode_ci,
  `option3` text COLLATE utf8mb4_unicode_ci,
  `option4` text COLLATE utf8mb4_unicode_ci,
  `subject_id` int DEFAULT NULL,
  `is_active` int NOT NULL DEFAULT '1',
  `created_at` timestamp NULL DEFAULT NULL,
  `updated_at` timestamp NULL DEFAULT NULL,
  `rightans` text COLLATE utf8mb4_unicode_ci NOT NULL
) ENGINE=InnoDB DEFAULT CHARSET=utf8mb4 COLLATE=utf8mb4_unicode_ci;

--
-- Dumping data for table `questions`
--

INSERT INTO `questions` (`id`, `title`, `option1`, `option2`, `option3`, `option4`, `subject_id`, `is_active`, `created_at`, `updated_at`, `rightans`) VALUES
(1, 'Mrs.', 'A veritatis quia unde blanditiis. Dolorem dolor natus labore eius. Distinctio eum possimus quasi accusamus aliquid.', 'Iste est velit est optio eveniet qui voluptatem. Voluptatem fugit deleniti aut illo provident fuga velit.', 'Earum aut in nostrum corrupti labore blanditiis. Non voluptas quibusdam omnis similique necessitatibus. Non dolore ipsum placeat maiores enim quis quisquam.', 'Dolores eaque voluptatem et ullam suscipit. Saepe ex consectetur nam repellendus assumenda et repellendus. Aperiam harum ea error molestiae.', 43, 1, '2024-04-03 02:25:53', '2024-04-03 02:25:53', 'Earum aut in nostrum corrupti labore blanditiis. Non voluptas quibusdam omnis similique necessitatibus. Non dolore ipsum placeat maiores enim quis quisquam.'),
(2, 'Mr.', 'Reiciendis suscipit temporibus consequatur. Itaque nobis molestiae sequi consequatur. Dicta magni voluptas est voluptatum aliquam sapiente voluptas consequatur.', 'Hic amet accusantium voluptatibus reiciendis esse dicta. Ut quia non nemo corporis ut magni consequatur et. Natus est at voluptas iusto dolor harum possimus.', 'Placeat ut sed enim magnam dignissimos repellendus. Officia qui quas ut vel ut. Quaerat reiciendis repellat aut nemo consequatur laudantium et.', 'Dolores fugiat ex sapiente placeat. Porro possimus voluptas maiores aspernatur. Laborum doloribus perferendis corrupti dolores cumque natus aspernatur. Sapiente id voluptas illum est iure.', 38, 1, '2024-04-03 02:25:53', '2024-04-03 02:25:53', 'Placeat ut sed enim magnam dignissimos repellendus. Officia qui quas ut vel ut. Quaerat reiciendis repellat aut nemo consequatur laudantium et.'),
(3, 'Dr.', 'Dolor mollitia sed inventore excepturi sunt. Voluptas corrupti autem qui dolore maiores quo. Expedita est quasi fuga nulla sint expedita reprehenderit. Dignissimos autem aut ut veniam quia occaecati.', 'Quasi quo ut ab itaque exercitationem esse. Et voluptatem quia et qui. Porro iusto repellendus enim facilis in itaque fugit a. Aliquam natus reprehenderit nam minima. Aperiam aliquam quod ut.', 'Quos voluptatem in magni aut dolores. Earum necessitatibus necessitatibus dolores rerum aperiam officia. Suscipit porro laborum alias quisquam occaecati. Harum nihil sed aliquid atque sit sunt.', 'Molestiae qui in autem. Architecto harum doloribus magni minus mollitia.', 34, 1, '2024-04-03 02:25:53', '2024-04-03 02:25:53', 'Quos voluptatem in magni aut dolores. Earum necessitatibus necessitatibus dolores rerum aperiam officia. Suscipit porro laborum alias quisquam occaecati. Harum nihil sed aliquid atque sit sunt.'),
(4, 'Prof.', 'Fugit et id neque consequuntur temporibus. Accusamus animi reprehenderit numquam cumque quia sunt est. Dignissimos eligendi excepturi voluptatibus consequatur qui omnis.', 'Consequatur saepe officiis quis. Sed voluptatem quo veniam occaecati nam hic. Eveniet dolorum sit suscipit voluptatem. Molestias et veniam laudantium deleniti possimus.', 'Optio suscipit vitae aperiam incidunt libero et molestiae. Officiis et doloribus molestiae optio perspiciatis tempore. Ea error ea id in ut est. Et ullam cum ut sequi maiores aspernatur.', 'Occaecati tempora et et voluptates. Consequatur aut adipisci quia aut accusantium possimus ipsum error. Doloremque non dolorem magni necessitatibus omnis. Dicta ut harum expedita illo beatae.', 7, 1, '2024-04-03 02:25:53', '2024-04-03 02:25:53', 'Optio suscipit vitae aperiam incidunt libero et molestiae. Officiis et doloribus molestiae optio perspiciatis tempore. Ea error ea id in ut est. Et ullam cum ut sequi maiores aspernatur.'),
(5, 'Ms.', 'Placeat eum dignissimos excepturi. Est atque cumque quae corporis aut. Doloribus inventore saepe totam illum itaque et ut. Architecto reprehenderit qui doloremque quasi sit.', 'Hic quas quia harum sunt magnam provident. Modi dicta corrupti quia blanditiis aperiam sed consequatur neque. Beatae minus quo aut quam.', 'Voluptatem minus odio est. Quaerat sit ut labore nobis. Non quia nobis sit non veritatis dolores. Blanditiis ut assumenda aut magnam aut dicta. Aut quaerat voluptas sunt numquam.', 'Qui neque modi ipsum itaque. Vel saepe sint et placeat qui quis iusto. Voluptatem repellendus in sit sint quos animi ea dolorem. Vel autem ipsum qui qui ex culpa.', 17, 1, '2024-04-03 02:25:53', '2024-04-03 02:25:53', 'Voluptatem minus odio est. Quaerat sit ut labore nobis. Non quia nobis sit non veritatis dolores. Blanditiis ut assumenda aut magnam aut dicta. Aut quaerat voluptas sunt numquam.'),
(6, 'Prof.', 'Cum enim saepe quasi. Deleniti ut cupiditate ut sed placeat id non vel. Exercitationem qui vel sequi nemo deleniti aut. Est non ab quas aspernatur voluptatem. Eum exercitationem iusto et earum.', 'Nulla recusandae provident deleniti dolorem laboriosam dolor. Sequi et sit animi molestiae sunt possimus dolorem. Reprehenderit dolorem optio quis quod qui. Qui quia aut veniam.', 'Omnis et ut molestiae quo et eius. Distinctio eveniet rerum dolorum assumenda. Facere adipisci et aut qui harum ea praesentium esse. Asperiores sit debitis tempore maxime voluptatem ut.', 'Ea consectetur fuga nostrum eos ipsum. Assumenda aut ut tempora nobis et aut. Minima ad quasi sed rerum saepe rerum. Nisi est mollitia sed quo sed. Et ullam unde est consequuntur et.', 7, 1, '2024-04-03 02:25:53', '2024-04-03 02:25:53', 'Omnis et ut molestiae quo et eius. Distinctio eveniet rerum dolorum assumenda. Facere adipisci et aut qui harum ea praesentium esse. Asperiores sit debitis tempore maxime voluptatem ut.'),
(7, 'Mrs.', 'Autem minima voluptatum quis. Accusantium sequi odio consequatur incidunt voluptatem. Tempore nisi neque quos numquam voluptates. Tempore nobis porro molestiae omnis distinctio rerum.', 'Nulla deserunt eius eaque laudantium. Non nihil adipisci ut et pariatur in. Voluptatum aliquid id laudantium laudantium cum enim. Aut dolorem tempora animi laborum et quibusdam laborum.', 'Incidunt tenetur tempore aut culpa. Enim blanditiis magnam saepe dolor assumenda dolorem sequi nesciunt. Maxime error accusantium aut nihil. Debitis maxime et dignissimos eum sunt.', 'Provident a harum placeat dignissimos aut. Officia sed qui molestiae praesentium mollitia hic enim. Sapiente magnam nemo minima non.', 10, 1, '2024-04-03 02:25:53', '2024-04-03 02:25:53', 'Incidunt tenetur tempore aut culpa. Enim blanditiis magnam saepe dolor assumenda dolorem sequi nesciunt. Maxime error accusantium aut nihil. Debitis maxime et dignissimos eum sunt.'),
(8, 'Dr.', 'Quis consequatur pariatur repellendus at in in facilis. Delectus repellat dolorum laboriosam dolor ad voluptatem.', 'Id minus sint ut omnis. Sequi dolores quis eius nemo. Ducimus rerum eligendi laudantium qui. Et quia et dolore. Et veniam animi est voluptatum rerum error aliquam rerum.', 'Qui dolorem et blanditiis eaque reiciendis pariatur. Alias eum vitae veritatis laborum repellendus. Ut consequatur sed possimus quis ut ut.', 'Aliquam fuga non eaque ea. Ea est corporis incidunt aperiam ullam quod dolores. Ipsum optio qui repellat odit tenetur dolorum. Assumenda et minima non impedit autem.', 8, 1, '2024-04-03 02:25:53', '2024-04-03 02:25:53', 'Qui dolorem et blanditiis eaque reiciendis pariatur. Alias eum vitae veritatis laborum repellendus. Ut consequatur sed possimus quis ut ut.'),
(9, 'Mr.', 'Quibusdam aliquid modi tempora ratione laborum. Non suscipit doloribus et ut ut. Dicta quaerat iste quia reiciendis eos et eos. Aut accusamus dolores magni esse voluptatem.', 'Non officiis inventore reprehenderit consequatur sunt. Fugiat nulla assumenda praesentium quis tempora dignissimos repellat. Aliquid omnis ea hic incidunt rerum.', 'Ut voluptas voluptas vero quasi rem. Soluta itaque consequatur et quae pariatur mollitia voluptatem. Aut et repudiandae necessitatibus error autem.', 'Sunt maiores et sint corporis. Omnis et ratione ipsum dolorum. Sed ut aliquid autem itaque quia. Amet ut rerum qui sequi maxime omnis quos.', 15, 1, '2024-04-03 02:25:53', '2024-04-03 02:25:53', 'Ut voluptas voluptas vero quasi rem. Soluta itaque consequatur et quae pariatur mollitia voluptatem. Aut et repudiandae necessitatibus error autem.'),
(10, 'Prof.', 'In enim numquam autem delectus corporis dicta. Reiciendis autem sunt aut cupiditate et itaque nihil. Provident hic porro libero facere. Voluptatibus magni sint laborum quia ut.', 'Provident ut doloremque laborum. Exercitationem laudantium dolorum incidunt et. Quam aperiam non odit non et sequi est. Voluptatibus sunt quis et ipsa architecto qui est.', 'Voluptatum sunt repudiandae et nihil ratione rem nam. Dicta porro voluptatem autem iusto iusto.', 'Aut doloribus quo dolorem repudiandae magnam aliquid. Quod sunt esse iste ut exercitationem sint voluptatibus.', 34, 1, '2024-04-03 02:25:53', '2024-04-03 02:25:53', 'Voluptatum sunt repudiandae et nihil ratione rem nam. Dicta porro voluptatem autem iusto iusto.'),
(11, 'Dr.', 'Voluptatem assumenda ut voluptatum ipsa occaecati maxime ut. Sed quis modi sint est. Qui eaque voluptas et ab tempora. Dolores eum numquam ut dolorum aut voluptatem.', 'Adipisci tenetur sunt et nulla et consectetur explicabo. Culpa voluptatum recusandae sit eveniet libero.', 'Libero sed aliquid doloremque facere quod rerum sapiente in. Qui quia tempore quo voluptatum voluptatem explicabo rerum officia.', 'Magni quae aut quaerat eos ducimus molestias et. Et voluptatem quia repellendus voluptas sint. Architecto dolorem dolor enim blanditiis quis quos non.', 40, 1, '2024-04-03 02:25:53', '2024-04-03 02:25:53', 'Libero sed aliquid doloremque facere quod rerum sapiente in. Qui quia tempore quo voluptatum voluptatem explicabo rerum officia.'),
(12, 'Prof.', 'Corporis accusamus eveniet reiciendis dolorum omnis ea corporis cum. Nihil autem voluptates nisi perferendis ut magni blanditiis. Mollitia eaque soluta perferendis. Minima maiores et ipsa iusto sed.', 'In quidem suscipit blanditiis. Aliquid eum dolores ut provident et. Ea ut et tempora aliquam maiores distinctio.', 'Voluptas autem dolorem impedit sunt. Ducimus et architecto dolor dicta quaerat assumenda. In at qui mollitia eos. A omnis fugit qui beatae dolores nam eos.', 'Quos ut at consectetur quam impedit ab est doloremque. Veritatis provident qui non ut omnis molestiae repellat saepe. Aut et quae quia saepe fuga. Officia id nulla eum aut vel.', 28, 1, '2024-04-03 02:25:53', '2024-04-03 02:25:53', 'Voluptas autem dolorem impedit sunt. Ducimus et architecto dolor dicta quaerat assumenda. In at qui mollitia eos. A omnis fugit qui beatae dolores nam eos.'),
(13, 'Miss', 'Non nihil quo illum sit. Perferendis sed sint nobis. Qui quia aspernatur odit nam dicta magni non. Vero in provident corrupti et rerum tempore.', 'Velit dolores aut quos voluptatum et reprehenderit. Pariatur in consequatur consectetur impedit. Officiis autem minima quos aperiam et. Ut dolores sed ratione pariatur necessitatibus enim.', 'Accusamus neque laudantium illum accusamus officiis. Delectus dicta qui asperiores sit suscipit. Placeat sit nobis possimus inventore est.', 'Voluptatem quis veniam voluptatum aperiam. Beatae dicta dignissimos autem. Eum et accusantium et molestias accusamus hic sapiente omnis. Voluptatem mollitia iusto facere ullam.', 34, 1, '2024-04-03 02:25:53', '2024-04-03 02:25:53', 'Accusamus neque laudantium illum accusamus officiis. Delectus dicta qui asperiores sit suscipit. Placeat sit nobis possimus inventore est.'),
(14, 'Prof.', 'Doloremque et aperiam deserunt ab quia a id. Eaque quos in quam asperiores. Atque rerum est ea eos. Dolor inventore deleniti voluptatem voluptates voluptas aut.', 'A excepturi iure laborum. Magni ad nihil in unde. Nostrum asperiores fuga rerum deleniti.', 'Et nesciunt nobis eum et est consequatur excepturi nam. Sed mollitia iusto voluptatem consectetur ducimus iusto. Mollitia quia molestiae aspernatur qui non quidem.', 'Sed non odit totam cumque necessitatibus. Maiores aut voluptatem neque minus recusandae aliquid autem. Nihil voluptatem quaerat corrupti ut. Eos ex sint nam in cupiditate.', 4, 1, '2024-04-03 02:25:53', '2024-04-03 02:25:53', 'Et nesciunt nobis eum et est consequatur excepturi nam. Sed mollitia iusto voluptatem consectetur ducimus iusto. Mollitia quia molestiae aspernatur qui non quidem.'),
(15, 'Mr.', 'Tenetur aut praesentium molestiae et. Magnam occaecati tempora sed odio iure facere cumque quia. Tempora rerum voluptatem odit veritatis fugiat. Voluptas quis repellendus facere magnam voluptas.', 'Laudantium aut magni ex vitae nisi rerum voluptatem sunt. Consequatur accusantium cum odit.', 'Nulla iste velit aut blanditiis aut nemo optio. Quia alias exercitationem vel porro sed quae. Esse debitis ea quo fuga nihil quis delectus.', 'Cumque ut autem molestiae qui. Nihil molestiae quis tenetur qui aspernatur pariatur repellendus. Labore eos minus consequatur iste in. Qui id aut mollitia aliquid.', 2, 1, '2024-04-03 02:25:53', '2024-04-03 02:25:53', 'Nulla iste velit aut blanditiis aut nemo optio. Quia alias exercitationem vel porro sed quae. Esse debitis ea quo fuga nihil quis delectus.'),
(16, 'Prof.', 'Animi odit ad corrupti ut excepturi. Ea facere ut rerum qui minima. Ipsa asperiores magni eligendi.', 'Autem asperiores repellendus molestiae totam aspernatur. Qui voluptatem ea quod voluptatem. Est excepturi et ab quibusdam.', 'Consequatur rem blanditiis aut voluptates aut. Recusandae soluta hic id sequi exercitationem. Odio nostrum sequi est totam architecto. Quas et aliquam possimus corporis voluptate.', 'Ab beatae voluptatem provident. Eos ut facilis voluptas. Ipsam cumque dolor mollitia sunt amet sint molestias.', 44, 1, '2024-04-03 02:25:53', '2024-04-03 02:25:53', 'Consequatur rem blanditiis aut voluptates aut. Recusandae soluta hic id sequi exercitationem. Odio nostrum sequi est totam architecto. Quas et aliquam possimus corporis voluptate.'),
(17, 'Mrs.', 'Hic iste quibusdam eligendi maiores repellat quia. Vero consequatur quia quia ea. Blanditiis nostrum amet consequuntur. Ea rerum doloribus voluptatum corrupti nesciunt corrupti sit veritatis.', 'At voluptas enim expedita sequi sunt dolores aliquam vel. Voluptas nesciunt voluptate blanditiis dolor. Consequatur reprehenderit soluta occaecati corporis.', 'Sed ea possimus sequi voluptatem eligendi. Rem magni iure molestiae omnis illum aliquid autem quia. Sequi numquam omnis est voluptas. Nobis qui magni itaque impedit ea.', 'Eaque id sunt eligendi. Voluptatem aut quos sapiente repudiandae omnis nam incidunt exercitationem. Ex et sed ab cupiditate ad voluptatibus porro blanditiis.', 21, 1, '2024-04-03 02:25:53', '2024-04-03 02:25:53', 'Sed ea possimus sequi voluptatem eligendi. Rem magni iure molestiae omnis illum aliquid autem quia. Sequi numquam omnis est voluptas. Nobis qui magni itaque impedit ea.'),
(18, 'Mr.', 'Quo assumenda molestiae voluptas voluptatibus optio soluta officia. Eligendi non mollitia sequi perferendis atque ipsa. Fuga adipisci eaque quia. Sequi adipisci possimus praesentium commodi nam.', 'Sed cum ipsa facere corporis doloremque. Fuga quas voluptate eius architecto sequi autem alias.', 'Dolor laboriosam natus quod ullam. Ut corporis occaecati est neque reprehenderit. Debitis voluptatem modi dicta adipisci.', 'Temporibus illum fugit odit sint autem quae eius. Nemo et distinctio pariatur explicabo laudantium autem. Sapiente eaque cum optio unde dolorem cum.', 22, 1, '2024-04-03 02:25:53', '2024-04-03 02:25:53', 'Dolor laboriosam natus quod ullam. Ut corporis occaecati est neque reprehenderit. Debitis voluptatem modi dicta adipisci.'),
(19, 'Ms.', 'Qui et impedit aliquid voluptates quis quia labore. Et quae itaque quia sequi. Assumenda ut distinctio omnis velit qui aspernatur. Saepe est modi harum nobis.', 'Nam minima necessitatibus animi et est. Quia sit dolores doloribus voluptatem doloremque. Quia in doloribus suscipit sunt.', 'Reprehenderit quo quia ab illum. Ab minus alias autem mollitia quaerat totam at. Eveniet veritatis perspiciatis ut qui deleniti iusto veritatis. Itaque voluptas sapiente accusamus sint culpa aut.', 'Non ad in hic. Quia dolorum qui necessitatibus sed reprehenderit nulla. Et rerum nobis officiis dolorem adipisci natus nam et.', 29, 1, '2024-04-03 02:25:53', '2024-04-03 02:25:53', 'Reprehenderit quo quia ab illum. Ab minus alias autem mollitia quaerat totam at. Eveniet veritatis perspiciatis ut qui deleniti iusto veritatis. Itaque voluptas sapiente accusamus sint culpa aut.'),
(20, 'Dr.', 'Totam quaerat aut qui repellendus ea voluptas praesentium. Quia quae officiis veritatis aspernatur ut aut deleniti.', 'Fuga illum tenetur cupiditate. Quod adipisci voluptatem aspernatur quo. Omnis aspernatur ut repudiandae aliquam non nostrum. Nobis aut unde qui sint.', 'Eveniet dolore nihil inventore tempora optio sed. Hic aperiam nesciunt accusantium et. Vero reprehenderit voluptatem laudantium aspernatur et architecto. Qui enim natus iste officiis corrupti in.', 'Deleniti placeat et excepturi doloremque sed quas vel. Quaerat dolorem perspiciatis et facere et. Magni aliquid temporibus enim ipsa et repudiandae. Pariatur consequatur voluptatem et.', 1, 1, '2024-04-03 02:25:53', '2024-04-03 02:25:53', 'Eveniet dolore nihil inventore tempora optio sed. Hic aperiam nesciunt accusantium et. Vero reprehenderit voluptatem laudantium aspernatur et architecto. Qui enim natus iste officiis corrupti in.'),
(21, 'Mr.', 'Exercitationem omnis ipsam quo possimus fugit ipsa. Debitis quasi incidunt dolorem tempore laborum. Error eius voluptas fuga dolores quia. Accusantium mollitia et non.', 'Et omnis quisquam quidem ex numquam. Voluptas excepturi quas modi velit. Repudiandae dolorem est et voluptatibus laudantium porro.', 'Deserunt aperiam eum qui nihil dignissimos. Repellat dolore ab fugit impedit beatae. Qui dolore vel quas ducimus. Et illo ad in iusto.', 'Ut vel molestias consequuntur aliquid. Fugit commodi sit dolor rerum illo recusandae sit. Quia animi velit vel unde.', 21, 1, '2024-04-03 02:25:53', '2024-04-03 02:25:53', 'Deserunt aperiam eum qui nihil dignissimos. Repellat dolore ab fugit impedit beatae. Qui dolore vel quas ducimus. Et illo ad in iusto.'),
(22, 'Miss', 'Reiciendis nam quas nam voluptatem. Suscipit et corrupti fugit consequuntur tempora. Et alias ea deserunt qui non. Aut deserunt non est ratione architecto molestias soluta.', 'Ex optio itaque labore quod. Perferendis qui quaerat odio neque omnis eum. Odit in qui autem non atque reiciendis. Magnam sunt sed ipsam dolore incidunt vero enim.', 'In numquam perferendis similique enim omnis earum. Et sed libero iure voluptatum molestias iusto autem. Est facilis officia qui dolorem dicta accusantium.', 'Asperiores sequi ullam omnis. Sed quos beatae saepe doloremque placeat suscipit vel. Ut id iusto adipisci culpa.', 32, 1, '2024-04-03 02:25:53', '2024-04-03 02:25:53', 'In numquam perferendis similique enim omnis earum. Et sed libero iure voluptatum molestias iusto autem. Est facilis officia qui dolorem dicta accusantium.'),
(23, 'Ms.', 'Quia recusandae voluptas quo qui. Natus eum quia adipisci inventore dolore molestias. Sed qui voluptatem sint voluptas quae. Atque et natus repellendus odio.', 'Architecto eveniet quod et sed fuga et quam. Dolores omnis impedit aliquam aut recusandae animi suscipit. Id quia molestiae sed aut fuga rerum rerum.', 'Eos dicta est delectus provident dolorem aut beatae nihil. Dicta eius reiciendis et consequatur a officiis. Maxime ad explicabo est.', 'Numquam voluptas nam saepe modi. Consequatur consequatur architecto beatae nesciunt. Impedit saepe quo corporis molestias id soluta. Reprehenderit ut quae consequuntur quia.', 25, 1, '2024-04-03 02:25:53', '2024-04-03 02:25:53', 'Eos dicta est delectus provident dolorem aut beatae nihil. Dicta eius reiciendis et consequatur a officiis. Maxime ad explicabo est.'),
(24, 'Prof.', 'Qui eos vero alias mollitia nostrum nobis expedita nihil. Dolorum recusandae sit fuga rem soluta quia. Ipsum est itaque vitae et a libero. Aspernatur saepe alias consequatur.', 'Magnam quos ut impedit sit blanditiis hic incidunt rerum. Ipsum doloribus eum doloribus et vel. Perspiciatis consequatur est aut.', 'Sit quasi iusto deleniti nulla. Provident voluptas nobis commodi et laudantium dolores. Fugit eius laboriosam debitis. Aut nostrum quos deleniti delectus saepe ratione.', 'Veritatis magnam ut temporibus tempora. Rerum dolor at saepe quibusdam. Aut repudiandae eaque exercitationem ab aut.', 40, 1, '2024-04-03 02:25:53', '2024-04-03 02:25:53', 'Sit quasi iusto deleniti nulla. Provident voluptas nobis commodi et laudantium dolores. Fugit eius laboriosam debitis. Aut nostrum quos deleniti delectus saepe ratione.'),
(25, 'Dr.', 'Quia architecto ut possimus fugit et doloremque qui. Cumque occaecati voluptatem non nihil ut voluptatem.', 'Sunt nesciunt rerum sint hic sit. Consequatur quasi velit ea quod. Ea corporis nulla omnis eius sint.', 'Sint inventore a est velit est. Nesciunt velit quas aliquid aut. Id consequatur sapiente quia deleniti. Sunt in quos totam ullam.', 'Porro eos numquam adipisci quis omnis. Est mollitia consequuntur ut qui. Cupiditate dolorem magni omnis atque cum eos distinctio debitis. Ipsa quasi est quam quisquam voluptatibus et.', 28, 1, '2024-04-03 02:25:53', '2024-04-03 02:25:53', 'Sint inventore a est velit est. Nesciunt velit quas aliquid aut. Id consequatur sapiente quia deleniti. Sunt in quos totam ullam.'),
(26, 'Dr.', 'Suscipit ut hic illo ut laborum non nihil. Omnis et reiciendis asperiores voluptatem autem. Ullam ad illo quia.', 'At nulla id perferendis eaque adipisci excepturi. A magnam nam rerum non explicabo sed.', 'Esse cumque iure quae ratione. Et laborum qui et cumque et praesentium. Quos et doloribus itaque. Vero ut voluptas reprehenderit dolor.', 'Sunt eaque aut id molestiae illo nihil eum. Nam porro consequatur sit voluptatum facilis. Quisquam odit dolore nisi quidem amet.', 15, 1, '2024-04-03 02:25:53', '2024-04-03 02:25:53', 'Esse cumque iure quae ratione. Et laborum qui et cumque et praesentium. Quos et doloribus itaque. Vero ut voluptas reprehenderit dolor.'),
(27, 'Dr.', 'Qui qui sed et et delectus et omnis. Eaque quo minus voluptatem et ut. Asperiores rerum voluptate est id minima quos eum.', 'Repudiandae qui et dolor quisquam. Doloremque magnam et dolorum occaecati eius dolorem. Quaerat dolorum temporibus porro vitae expedita. Non omnis iusto sapiente ab.', 'Asperiores eum nesciunt nihil accusamus illum nihil. Accusantium ut nam voluptatem amet. Non id eius itaque expedita. Reprehenderit voluptatem neque nam soluta. Consectetur aut quo porro.', 'Dolor in dolor illo aut vitae ut. Tempora est sequi dolores ut. Sit expedita vel aut quis et.', 21, 1, '2024-04-03 02:25:53', '2024-04-03 02:25:53', 'Asperiores eum nesciunt nihil accusamus illum nihil. Accusantium ut nam voluptatem amet. Non id eius itaque expedita. Reprehenderit voluptatem neque nam soluta. Consectetur aut quo porro.'),
(28, 'Ms.', 'Sint eaque vel omnis harum tempora atque molestiae. Quo est dolores modi suscipit enim. Quis est optio quidem molestiae vel corrupti enim. Sed ipsa minus iure culpa.', 'Eos ea harum rerum consequatur unde. Temporibus unde aut aut debitis quis adipisci. Et laboriosam sint sed praesentium aut.', 'Quasi natus aut ea velit et. Est accusamus provident asperiores alias dolor vel. Nulla voluptas quo et qui.', 'Qui soluta dolorum minima corporis veritatis impedit quam. Tempore sed maxime inventore. Sint dolores alias error harum ut vel.', 34, 1, '2024-04-03 02:25:53', '2024-04-03 02:25:53', 'Quasi natus aut ea velit et. Est accusamus provident asperiores alias dolor vel. Nulla voluptas quo et qui.'),
(29, 'Miss', 'Exercitationem magnam rerum dolor pariatur inventore vero. Et enim maxime suscipit ea voluptatem dignissimos corrupti. Tempore voluptatem quasi ea iure.', 'A incidunt aut quaerat eius. Necessitatibus voluptas illum vel. Aut et ullam sint.', 'Est tempore tenetur eos magni illum. Hic architecto reprehenderit quis.', 'Aspernatur inventore aperiam eveniet totam. Quibusdam accusamus commodi est dolorum velit velit facere. Minus ut nisi sunt non repellat omnis culpa.', 29, 1, '2024-04-03 02:25:53', '2024-04-03 02:25:53', 'Est tempore tenetur eos magni illum. Hic architecto reprehenderit quis.'),
(30, 'Dr.', 'Debitis ipsam beatae nihil consequatur ut atque culpa. Assumenda sunt voluptatum iste ab similique eos.', 'Inventore et dolorum quaerat nemo iure consequuntur. Alias non sed dolorem saepe enim quisquam odio. A vitae tempore ipsam non. Enim quia et nam nesciunt ad officiis et.', 'Delectus repudiandae consequatur sint doloribus sunt rem autem. Explicabo quia fugiat molestiae suscipit nisi eius nobis. Totam nisi et sunt et voluptatibus quas quam minima.', 'Consequatur expedita omnis omnis qui adipisci. Ullam quaerat asperiores magni minima quo aliquid et.', 44, 1, '2024-04-03 02:25:53', '2024-04-03 02:25:53', 'Delectus repudiandae consequatur sint doloribus sunt rem autem. Explicabo quia fugiat molestiae suscipit nisi eius nobis. Totam nisi et sunt et voluptatibus quas quam minima.'),
(31, 'Mrs.', 'Ex ipsum nulla magnam labore eligendi. Itaque quod cupiditate temporibus ab.', 'Modi et voluptatem sit sunt eius sit. Quae quo vel dolore corrupti nisi beatae nisi. Est a nostrum perspiciatis explicabo libero eligendi corporis.', 'Sit vero sit molestiae et. Doloremque consequatur natus cum et minima qui vitae praesentium. Porro impedit ipsa asperiores et necessitatibus magni.', 'Enim commodi eius tempore quo ut suscipit molestiae. Neque tempore nam neque ex. Possimus illo totam nisi sunt ex impedit a. Iste enim ipsum nisi expedita nisi alias tempora.', 50, 1, '2024-04-03 02:25:53', '2024-04-03 02:25:53', 'Sit vero sit molestiae et. Doloremque consequatur natus cum et minima qui vitae praesentium. Porro impedit ipsa asperiores et necessitatibus magni.'),
(32, 'Dr.', 'Commodi quidem quaerat voluptatem quidem. Officiis amet voluptatem aut ut voluptatum saepe sit. Ea nesciunt et reprehenderit veritatis voluptas id dolores.', 'Quasi assumenda voluptate dolores ab. Saepe accusamus est pariatur consequuntur sed. Amet et numquam sunt consequatur consequatur qui fugit.', 'Quam in voluptas omnis ut quia sit. Quo ipsam cum magni commodi non quia delectus quae. Voluptatum delectus non aut et.', 'Ullam ipsa voluptatem accusamus sequi sunt consequuntur pariatur. Recusandae veritatis quasi in tempore dicta. Maiores similique voluptatem vero vel exercitationem assumenda.', 28, 1, '2024-04-03 02:25:53', '2024-04-03 02:25:53', 'Quam in voluptas omnis ut quia sit. Quo ipsam cum magni commodi non quia delectus quae. Voluptatum delectus non aut et.'),
(33, 'Mrs.', 'Recusandae illum in nesciunt. Dolores et et maxime atque unde ut. Qui animi id non pariatur quas tempore reprehenderit vitae. Voluptas sed non nemo quidem tempora ipsum.', 'Sed qui aut minus accusamus. Accusamus omnis tempora corrupti eius libero ipsum. Perspiciatis accusamus quo numquam natus dolor. Qui corporis exercitationem qui harum quisquam consequatur.', 'Ut ab est rerum placeat. Fugiat facere debitis enim repellendus quo. Et suscipit aut doloremque debitis tempore sed.', 'Deserunt rerum tenetur et doloremque dicta et reiciendis. Culpa maxime deleniti est animi odio ratione nam.', 42, 1, '2024-04-03 02:25:53', '2024-04-03 02:25:53', 'Ut ab est rerum placeat. Fugiat facere debitis enim repellendus quo. Et suscipit aut doloremque debitis tempore sed.'),
(34, 'Prof.', 'Exercitationem reprehenderit occaecati voluptatem aut facere ullam. Et eius provident aut repellendus numquam. Sunt molestias voluptatem qui quam suscipit. Aut fugit ut ut repudiandae cupiditate.', 'Vero molestias officia eaque tenetur distinctio laborum. In atque et enim quis minima accusantium. Et recusandae quos mollitia iste.', 'Dolorem voluptatem tempora et ad nihil. Animi est aut adipisci laudantium voluptatem. Quia dignissimos architecto qui fugiat.', 'Et aspernatur ut tenetur quis laudantium sit. Eius dolor dolorem aperiam aut. Aut temporibus nesciunt itaque enim sequi rerum ullam. Qui nihil necessitatibus sint vero corrupti.', 24, 1, '2024-04-03 02:25:53', '2024-04-03 02:25:53', 'Dolorem voluptatem tempora et ad nihil. Animi est aut adipisci laudantium voluptatem. Quia dignissimos architecto qui fugiat.'),
(35, 'Mr.', 'Quasi repellendus et ut est maxime. Rerum ad voluptatem omnis. Dicta sed sed tenetur.', 'Nemo unde nihil assumenda fuga nobis. Autem id et necessitatibus ipsam dolor. Veritatis dolores vel recusandae qui delectus.', 'Eos ut reprehenderit quia. Quidem ut eveniet vel voluptas doloremque corporis porro excepturi. Ut et maxime quam veniam totam quibusdam.', 'Error minima iure nihil laborum. Hic odio nulla omnis dolore velit ipsa aut. Recusandae deserunt omnis doloremque vel.', 4, 1, '2024-04-03 02:25:53', '2024-04-03 02:25:53', 'Eos ut reprehenderit quia. Quidem ut eveniet vel voluptas doloremque corporis porro excepturi. Ut et maxime quam veniam totam quibusdam.'),
(36, 'Prof.', 'Sit eius rerum unde et iusto. Ut in totam nulla cum pariatur.', 'Eius est velit beatae voluptates asperiores. Est cupiditate sint cum dicta. Nobis sunt nostrum veritatis corporis velit.', 'Sit mollitia consequatur qui nesciunt. Tenetur dolorem qui temporibus et nisi eligendi.', 'Ad nemo eum enim dicta repudiandae. Sint aut aspernatur soluta aut. Omnis vero molestias rem nihil at vitae.', 43, 1, '2024-04-03 02:25:53', '2024-04-03 02:25:53', 'Sit mollitia consequatur qui nesciunt. Tenetur dolorem qui temporibus et nisi eligendi.'),
(37, 'Prof.', 'Eos impedit numquam commodi rerum. Aut facilis nisi sunt ea est qui. Et quis ad sed et est culpa aspernatur ut.', 'Aut asperiores consequatur sapiente debitis cum. Quam et veritatis quidem magnam qui voluptas quia. Quia est consectetur sed neque aut. Nulla explicabo impedit eos adipisci quia consequatur impedit.', 'Eveniet accusantium omnis sed facere accusantium aperiam. Reiciendis voluptas libero est fuga molestiae nulla.', 'Amet aliquid impedit ea rerum possimus. Nihil iste doloribus sapiente earum quis.', 5, 1, '2024-04-03 02:25:53', '2024-04-03 02:25:53', 'Eveniet accusantium omnis sed facere accusantium aperiam. Reiciendis voluptas libero est fuga molestiae nulla.'),
(38, 'Ms.', 'Doloribus tempora laborum illo. Consectetur est nihil sed impedit. Voluptatem vero asperiores dolor ut impedit atque.', 'Culpa autem quo sit dolore. Sed deleniti incidunt iste voluptas aut inventore voluptas. Fuga laboriosam laborum ipsa ducimus hic quidem. Accusamus dolores cumque nihil est.', 'Dolores at blanditiis perferendis non assumenda excepturi. Rem molestias nulla natus sint quidem voluptates id.', 'Fuga nostrum incidunt sed delectus. Incidunt ipsam velit ut ut qui voluptatem quo. Ut voluptatem nostrum asperiores est. Eveniet perspiciatis assumenda veritatis.', 44, 1, '2024-04-03 02:25:53', '2024-04-03 02:25:53', 'Dolores at blanditiis perferendis non assumenda excepturi. Rem molestias nulla natus sint quidem voluptates id.'),
(39, 'Prof.', 'Incidunt nesciunt odio eum perferendis. Rerum illo mollitia sapiente. Harum rerum est nulla voluptatem. Error accusantium eos harum fugit eius eligendi. Quia qui nam rerum culpa omnis molestiae.', 'Suscipit voluptas consectetur eos omnis enim accusamus voluptas. Voluptatem non accusamus et voluptas natus quia. Nesciunt ea odio eos qui voluptatibus et. Odit eum eligendi corrupti et.', 'Nisi molestiae voluptas est quis. Aut rem neque aut et. Totam ullam voluptatem possimus consectetur cupiditate. Recusandae et aut sunt quia sed sed amet et.', 'Quia ut sed dolor vitae est consequatur. Omnis magnam voluptas deserunt. Libero tempora quo et nihil ut. Reiciendis omnis quaerat est facilis. Temporibus sapiente ut ab omnis.', 10, 1, '2024-04-03 02:25:53', '2024-04-03 02:25:53', 'Nisi molestiae voluptas est quis. Aut rem neque aut et. Totam ullam voluptatem possimus consectetur cupiditate. Recusandae et aut sunt quia sed sed amet et.'),
(40, 'Dr.', 'Consectetur sit molestiae nihil. Sed rerum deleniti sit dolor. Ut sunt qui recusandae tenetur officia unde. Repudiandae sit et iste ipsa magnam ea. Ex velit rerum soluta qui.', 'Odit omnis eligendi ut ut. A cum repellendus qui dolores et. Et corrupti ut distinctio fuga doloremque laborum natus.', 'Rerum enim consequatur quaerat voluptas et quia maiores. Molestias recusandae consequatur animi est et velit temporibus. Sint eligendi qui numquam. Non iure eum consequatur fuga.', 'Ab nihil necessitatibus nobis distinctio eos veritatis neque. Nihil iure ut aut enim. Dolor repellat commodi debitis aut explicabo id distinctio. Et repudiandae ut qui eos eos quidem.', 38, 1, '2024-04-03 02:25:53', '2024-04-03 02:25:53', 'Rerum enim consequatur quaerat voluptas et quia maiores. Molestias recusandae consequatur animi est et velit temporibus. Sint eligendi qui numquam. Non iure eum consequatur fuga.'),
(41, 'Dr.', 'Omnis neque enim dolorem incidunt aut velit qui. Cum voluptate doloremque nulla ea reprehenderit corporis nam. Corrupti quaerat provident voluptas rerum magnam.', 'Odit nemo nihil omnis deserunt est. Quo sunt sapiente quasi qui. Sed quia sunt ut.', 'Asperiores id ut voluptas impedit sit laborum quae sunt. Iusto repellendus rem nihil quos.', 'Quas ut officia nemo aut. Rem odio porro commodi neque aut ducimus. Ut non perferendis accusamus sed quis.', 17, 1, '2024-04-03 02:25:53', '2024-04-03 02:25:53', 'Asperiores id ut voluptas impedit sit laborum quae sunt. Iusto repellendus rem nihil quos.'),
(42, 'Ms.', 'Maiores saepe debitis ut voluptatum ut fuga et reprehenderit. Magnam qui eveniet et aliquid enim rerum. Ratione quam placeat eaque laudantium. Vero dignissimos modi voluptas et inventore labore.', 'Est neque voluptatem quo voluptates minima. Praesentium molestias voluptate dolorem porro. Illum ut possimus aliquam qui dicta nobis autem.', 'Aliquam qui quo aut fugit doloremque ut voluptatem. Sed ut quae et in est. Id odit optio eveniet quo vel perspiciatis. Sunt molestiae molestiae adipisci officiis delectus cum quo.', 'Rerum quisquam et itaque ab quos accusantium ullam et. Reprehenderit facilis delectus et tenetur inventore eaque. Neque reiciendis voluptas eos praesentium impedit dolores libero.', 32, 1, '2024-04-03 02:25:53', '2024-04-03 02:25:53', 'Aliquam qui quo aut fugit doloremque ut voluptatem. Sed ut quae et in est. Id odit optio eveniet quo vel perspiciatis. Sunt molestiae molestiae adipisci officiis delectus cum quo.'),
(43, 'Dr.', 'Qui quidem quos id consequatur. Occaecati et distinctio est rerum sint omnis nihil. Molestias ducimus provident exercitationem et maiores velit enim sunt.', 'Impedit aliquam aliquam enim et sit. Expedita deserunt hic ut. Nihil eaque ut nisi totam expedita. Laboriosam minima pariatur commodi et maxime.', 'Eveniet sit est et. Sit voluptatem illo repellat perferendis maiores. Ut sed ipsa nihil repellendus consequatur voluptatem neque. Assumenda nisi enim assumenda vel.', 'Natus est qui ut et alias. Sed velit dolor voluptatem sint consequatur eius quis dolores. Consequatur modi provident id maxime beatae minima.', 10, 1, '2024-04-03 02:25:53', '2024-04-03 02:25:53', 'Eveniet sit est et. Sit voluptatem illo repellat perferendis maiores. Ut sed ipsa nihil repellendus consequatur voluptatem neque. Assumenda nisi enim assumenda vel.'),
(44, 'Miss', 'Dicta illum impedit beatae ex natus. Sequi voluptatem aut accusamus. Voluptatibus esse nihil quia nihil deserunt. Sint rerum et sit fugit quibusdam aliquam est.', 'Et minima voluptas aut natus. Repudiandae voluptatem nam dolorem cupiditate inventore. Autem amet maiores et explicabo aliquid et qui. Mollitia fugit velit ut accusamus iure ea.', 'Sit laboriosam autem pariatur deleniti voluptatum dolor ut. Deleniti aut adipisci qui ipsa consequuntur possimus qui. Modi nesciunt alias omnis ut amet.', 'Voluptate omnis qui nobis velit consequatur ducimus est. Quos aut sit voluptatem temporibus rerum. Quia recusandae vel et ipsa aut repudiandae consectetur.', 30, 1, '2024-04-03 02:25:53', '2024-04-03 02:25:53', 'Sit laboriosam autem pariatur deleniti voluptatum dolor ut. Deleniti aut adipisci qui ipsa consequuntur possimus qui. Modi nesciunt alias omnis ut amet.'),
(45, 'Mrs.', 'Placeat sit tempora quia tenetur veritatis. Qui quia consequuntur magnam ipsum praesentium. Corporis ab est eum sapiente quia laboriosam repudiandae.', 'Sed culpa mollitia eos reprehenderit reiciendis ut. Dicta sit voluptate voluptas eum itaque aut aliquid. Recusandae aut necessitatibus sed est autem hic.', 'Quas veritatis incidunt quasi ab. Vel aut voluptate consequuntur eveniet rerum id neque. Ipsam consequuntur sit sit mollitia. Ea qui eius consequatur quam.', 'Earum hic unde qui tempora. Maiores earum aut esse et temporibus dolores. Qui quia occaecati doloribus earum hic. Dolorem aliquid quaerat quos quo sit ullam veritatis.', 14, 1, '2024-04-03 02:25:53', '2024-04-03 02:25:53', 'Quas veritatis incidunt quasi ab. Vel aut voluptate consequuntur eveniet rerum id neque. Ipsam consequuntur sit sit mollitia. Ea qui eius consequatur quam.'),
(46, 'Mr.', 'Cupiditate qui delectus nihil qui est minima sint. Facere quasi blanditiis dolorem numquam excepturi ex. Velit architecto facilis ipsam et aspernatur quia quia.', 'Architecto qui voluptatibus fugiat unde odit corporis laudantium. Consequatur odit eligendi fugit quia ea neque. Atque esse rerum rerum facere repellendus et.', 'Veritatis quam dolorem exercitationem voluptatem ut. Nemo totam fuga suscipit rerum. Cum nam qui sunt nostrum quos aut qui.', 'Illo natus eos eaque accusamus perferendis ducimus magni ut. A reprehenderit officiis sed ut illo. Est ullam ut aut similique.', 8, 1, '2024-04-03 02:25:53', '2024-04-03 02:25:53', 'Veritatis quam dolorem exercitationem voluptatem ut. Nemo totam fuga suscipit rerum. Cum nam qui sunt nostrum quos aut qui.'),
(47, 'Ms.', 'Sed tenetur aut aut sint. Quam fugiat eos nihil. Non laboriosam necessitatibus praesentium quasi est modi fuga.', 'Reiciendis perspiciatis in laudantium quibusdam et rerum maiores sequi. Neque eum ex repellat labore dolorem dicta. Provident eligendi nulla quia debitis vel sapiente omnis.', 'Cupiditate qui aliquid corporis accusamus fugiat labore. Voluptatem dolorem sed tempore omnis omnis. Praesentium voluptas eligendi quo quas sint iusto.', 'Nihil nam eum voluptas magni veniam libero modi. Ipsa itaque aut rem aut et. Deleniti qui eum dolore vitae nisi. Sequi alias id dicta quos minima rem.', 8, 1, '2024-04-03 02:25:53', '2024-04-03 02:25:53', 'Cupiditate qui aliquid corporis accusamus fugiat labore. Voluptatem dolorem sed tempore omnis omnis. Praesentium voluptas eligendi quo quas sint iusto.'),
(48, 'Prof.', 'Ut aspernatur itaque qui qui vel. Perferendis consectetur voluptates sint eligendi vero. Debitis eveniet temporibus sint sed odio aliquam. Ex voluptates modi id quia et non.', 'Est quia unde similique quisquam. Quia non non in porro eos. Magnam molestiae omnis excepturi modi vel laboriosam corporis.', 'Ipsum nulla aut facilis voluptatem eum. Est nam culpa porro iste qui eos temporibus. Recusandae reprehenderit enim aut.', 'Nemo deserunt nulla minus autem. Magni delectus non fuga ea. Maiores ut enim possimus. Repellendus non distinctio in. Quae sapiente nisi totam laudantium.', 9, 1, '2024-04-03 02:25:53', '2024-04-03 02:25:53', 'Ipsum nulla aut facilis voluptatem eum. Est nam culpa porro iste qui eos temporibus. Recusandae reprehenderit enim aut.'),
(49, 'Mrs.', 'Labore dolorem ut unde a est. Eligendi consequuntur autem tenetur architecto totam voluptatem. Nihil corporis placeat explicabo soluta ducimus nostrum. Et eius nostrum cum labore.', 'Et quidem rerum corrupti tenetur ea dolor et. Qui porro quaerat necessitatibus itaque officiis. Explicabo est ipsam id omnis magnam dolorem.', 'Quidem doloribus voluptatem esse nostrum quam quidem. Consequatur non maxime voluptatem itaque corrupti incidunt autem. Deleniti eos assumenda voluptatem quos vel est.', 'Saepe rerum neque deleniti laborum ut. Enim soluta iusto beatae dolor. Quidem iure qui sed cupiditate voluptatem dolor. Voluptatem aut et sapiente aliquid et.', 27, 1, '2024-04-03 02:25:53', '2024-04-03 02:25:53', 'Quidem doloribus voluptatem esse nostrum quam quidem. Consequatur non maxime voluptatem itaque corrupti incidunt autem. Deleniti eos assumenda voluptatem quos vel est.'),
(50, 'Mr.', 'Qui quas magnam et quis totam. Vel nihil asperiores quia. Officiis molestias omnis et recusandae blanditiis.', 'Architecto quia et dolorem quis non sit modi. Molestiae et eaque possimus neque. Sunt quas ut eum similique officiis quaerat sed.', 'Facilis earum asperiores cupiditate nostrum. Perferendis rerum dolor saepe et ut est. Dolorum iure voluptatum at explicabo. Tempore voluptates delectus qui sint.', 'Quasi esse quo eligendi unde. Molestiae quia corporis aut odit a.', 14, 1, '2024-04-03 02:25:53', '2024-04-03 02:25:53', 'Facilis earum asperiores cupiditate nostrum. Perferendis rerum dolor saepe et ut est. Dolorum iure voluptatum at explicabo. Tempore voluptates delectus qui sint.');

-- --------------------------------------------------------

--
-- Table structure for table `subjects`
--

CREATE TABLE `subjects` (
  `id` bigint UNSIGNED NOT NULL,
  `title` text COLLATE utf8mb4_unicode_ci,
  `created_at` timestamp NULL DEFAULT NULL,
  `updated_at` timestamp NULL DEFAULT NULL
) ENGINE=InnoDB DEFAULT CHARSET=utf8mb4 COLLATE=utf8mb4_unicode_ci;

--
-- Dumping data for table `subjects`
--

INSERT INTO `subjects` (`id`, `title`, `created_at`, `updated_at`) VALUES
(1, 'Mrs.', '2024-04-03 02:25:33', '2024-04-03 02:25:33'),
(2, 'Ms.', '2024-04-03 02:25:33', '2024-04-03 02:25:33'),
(3, 'Prof.', '2024-04-03 02:25:33', '2024-04-03 02:25:33'),
(4, 'Mrs.', '2024-04-03 02:25:33', '2024-04-03 02:25:33'),
(5, 'Mr.', '2024-04-03 02:25:33', '2024-04-03 02:25:33'),
(6, 'Mr.', '2024-04-03 02:25:33', '2024-04-03 02:25:33'),
(7, 'Dr.', '2024-04-03 02:25:33', '2024-04-03 02:25:33'),
(8, 'Prof.', '2024-04-03 02:25:33', '2024-04-03 02:25:33'),
(9, 'Prof.', '2024-04-03 02:25:33', '2024-04-03 02:25:33'),
(10, 'Miss', '2024-04-03 02:25:33', '2024-04-03 02:25:33'),
(11, 'Prof.', '2024-04-03 02:25:33', '2024-04-03 02:25:33'),
(12, 'Prof.', '2024-04-03 02:25:33', '2024-04-03 02:25:33'),
(13, 'Mr.', '2024-04-03 02:25:33', '2024-04-03 02:25:33'),
(14, 'Prof.', '2024-04-03 02:25:33', '2024-04-03 02:25:33'),
(15, 'Prof.', '2024-04-03 02:25:33', '2024-04-03 02:25:33'),
(16, 'Dr.', '2024-04-03 02:25:33', '2024-04-03 02:25:33'),
(17, 'Prof.', '2024-04-03 02:25:33', '2024-04-03 02:25:33'),
(18, 'Miss', '2024-04-03 02:25:33', '2024-04-03 02:25:33'),
(19, 'Mr.', '2024-04-03 02:25:33', '2024-04-03 02:25:33'),
(20, 'Mr.', '2024-04-03 02:25:33', '2024-04-03 02:25:33'),
(21, 'Prof.', '2024-04-03 02:25:33', '2024-04-03 02:25:33'),
(22, 'Ms.', '2024-04-03 02:25:33', '2024-04-03 02:25:33'),
(23, 'Mr.', '2024-04-03 02:25:33', '2024-04-03 02:25:33'),
(24, 'Dr.', '2024-04-03 02:25:33', '2024-04-03 02:25:33'),
(25, 'Mr.', '2024-04-03 02:25:33', '2024-04-03 02:25:33'),
(26, 'Ms.', '2024-04-03 02:25:33', '2024-04-03 02:25:33'),
(27, 'Miss', '2024-04-03 02:25:33', '2024-04-03 02:25:33'),
(28, 'Mr.', '2024-04-03 02:25:33', '2024-04-03 02:25:33'),
(29, 'Mr.', '2024-04-03 02:25:33', '2024-04-03 02:25:33'),
(30, 'Dr.', '2024-04-03 02:25:33', '2024-04-03 02:25:33'),
(31, 'Mrs.', '2024-04-03 02:25:33', '2024-04-03 02:25:33'),
(32, 'Dr.', '2024-04-03 02:25:33', '2024-04-03 02:25:33'),
(33, 'Miss', '2024-04-03 02:25:33', '2024-04-03 02:25:33'),
(34, 'Prof.', '2024-04-03 02:25:33', '2024-04-03 02:25:33'),
(35, 'Prof.', '2024-04-03 02:25:33', '2024-04-03 02:25:33'),
(36, 'Dr.', '2024-04-03 02:25:33', '2024-04-03 02:25:33'),
(37, 'Mr.', '2024-04-03 02:25:33', '2024-04-03 02:25:33'),
(38, 'Mrs.', '2024-04-03 02:25:33', '2024-04-03 02:25:33'),
(39, 'Dr.', '2024-04-03 02:25:33', '2024-04-03 02:25:33'),
(40, 'Mr.', '2024-04-03 02:25:33', '2024-04-03 02:25:33'),
(41, 'Miss', '2024-04-03 02:25:33', '2024-04-03 02:25:33'),
(42, 'Mr.', '2024-04-03 02:25:33', '2024-04-03 02:25:33'),
(43, 'Prof.', '2024-04-03 02:25:33', '2024-04-03 02:25:33'),
(44, 'Prof.', '2024-04-03 02:25:33', '2024-04-03 02:25:33'),
(45, 'Dr.', '2024-04-03 02:25:33', '2024-04-03 02:25:33'),
(46, 'Dr.', '2024-04-03 02:25:33', '2024-04-03 02:25:33'),
(47, 'Prof.', '2024-04-03 02:25:33', '2024-04-03 02:25:33'),
(48, 'Miss', '2024-04-03 02:25:33', '2024-04-03 02:25:33'),
(49, 'Mr.', '2024-04-03 02:25:33', '2024-04-03 02:25:33'),
(50, 'Dr.', '2024-04-03 02:25:33', '2024-04-03 02:25:33');

-- --------------------------------------------------------

--
-- Table structure for table `tests`
--

CREATE TABLE `tests` (
  `id` bigint UNSIGNED NOT NULL,
  `title` text COLLATE utf8mb4_unicode_ci,
  `testdate` datetime DEFAULT NULL,
  `subject_id` int DEFAULT NULL,
  `question_id` blob NOT NULL,
  `created_at` timestamp NULL DEFAULT NULL,
  `updated_at` timestamp NULL DEFAULT NULL
) ENGINE=InnoDB DEFAULT CHARSET=utf8mb4 COLLATE=utf8mb4_unicode_ci;

--
-- Dumping data for table `tests`
--

INSERT INTO `tests` (`id`, `title`, `testdate`, `subject_id`, `question_id`, `created_at`, `updated_at`) VALUES
(1, 'UPSC', '2024-04-11 00:00:00', 1, 0x613a333a7b693a303b733a323a226f6e223b693a313b733a323a226f6e223b693a323b733a323a226f6e223b7d, '2024-04-03 05:36:13', '2024-04-03 05:36:13'),
(2, 'UPSC', '2024-04-18 00:00:00', 1, 0x613a313a7b733a31323a22247175657374696f6e5f6964223b733a323a226f6e223b7d, '2024-04-04 02:24:53', '2024-04-04 02:24:53'),
(3, 'UPSC', '2024-04-08 00:00:00', 2, 0x613a313a7b733a31323a22247175657374696f6e5f6964223b733a323a226f6e223b7d, '2024-04-04 02:26:12', '2024-04-04 02:26:12'),
(4, 'UPSC', '2024-04-11 00:00:00', 1, 0x613a363a7b693a303b733a323a223231223b693a313b733a323a223232223b693a323b733a323a223233223b693a333b733a323a223235223b693a343b733a323a223237223b693a353b733a323a223239223b7d, '2024-04-04 02:30:57', '2024-04-04 02:30:57'),
(5, 'Dangerous', '2024-04-13 00:00:00', 3, 0x613a343a7b693a303b733a313a2231223b693a313b733a313a2232223b693a323b733a313a2234223b693a333b733a313a2236223b7d, '2024-04-04 03:21:00', '2024-04-04 03:21:00'),
(6, 'Dangerours', '2024-04-13 00:00:00', 3, 0x613a343a7b693a303b733a313a2232223b693a313b733a313a2233223b693a323b733a313a2235223b693a333b733a313a2238223b7d, '2024-04-04 03:22:48', '2024-04-04 03:22:48'),
(7, 'Sulabh', '2024-04-08 00:00:00', 3, 0x613a373a7b693a303b733a313a2231223b693a313b733a313a2233223b693a323b733a313a2234223b693a333b733a313a2236223b693a343b733a313a2237223b693a353b733a313a2239223b693a363b733a323a223130223b7d, '2024-04-08 04:33:10', '2024-04-08 04:33:10');

-- --------------------------------------------------------

--
-- Table structure for table `test_questions`
--

CREATE TABLE `test_questions` (
  `id` bigint UNSIGNED NOT NULL,
  `test_id` int DEFAULT NULL,
  `question_id` int DEFAULT NULL,
  `created_at` timestamp NULL DEFAULT NULL,
  `updated_at` timestamp NULL DEFAULT NULL
) ENGINE=InnoDB DEFAULT CHARSET=utf8mb4 COLLATE=utf8mb4_unicode_ci;

--
-- Dumping data for table `test_questions`
--

INSERT INTO `test_questions` (`id`, `test_id`, `question_id`, `created_at`, `updated_at`) VALUES
(1, 6, 2, '2024-04-04 03:22:48', '2024-04-04 03:22:48'),
(2, 6, 3, '2024-04-04 03:22:48', '2024-04-04 03:22:48'),
(3, 6, 5, '2024-04-04 03:22:48', '2024-04-04 03:22:48'),
(4, 6, 8, '2024-04-04 03:22:48', '2024-04-04 03:22:48'),
(5, 7, 1, '2024-04-08 04:33:10', '2024-04-08 04:33:10'),
(6, 7, 3, '2024-04-08 04:33:10', '2024-04-08 04:33:10'),
(7, 7, 4, '2024-04-08 04:33:10', '2024-04-08 04:33:10'),
(8, 7, 6, '2024-04-08 04:33:10', '2024-04-08 04:33:10'),
(9, 7, 7, '2024-04-08 04:33:10', '2024-04-08 04:33:10'),
(10, 7, 9, '2024-04-08 04:33:10', '2024-04-08 04:33:10'),
(11, 7, 10, '2024-04-08 04:33:10', '2024-04-08 04:33:10');

-- --------------------------------------------------------

--
-- Table structure for table `users`
--

CREATE TABLE `users` (
  `id` bigint UNSIGNED NOT NULL,
  `name` varchar(255) COLLATE utf8mb4_unicode_ci NOT NULL,
  `email` varchar(255) COLLATE utf8mb4_unicode_ci NOT NULL,
  `email_verified_at` timestamp NULL DEFAULT NULL,
  `password` varchar(255) COLLATE utf8mb4_unicode_ci NOT NULL,
  `remember_token` varchar(100) COLLATE utf8mb4_unicode_ci DEFAULT NULL,
  `created_at` timestamp NULL DEFAULT NULL,
  `updated_at` timestamp NULL DEFAULT NULL
) ENGINE=InnoDB DEFAULT CHARSET=utf8mb4 COLLATE=utf8mb4_unicode_ci;

--
-- Dumping data for table `users`
--

INSERT INTO `users` (`id`, `name`, `email`, `email_verified_at`, `password`, `remember_token`, `created_at`, `updated_at`) VALUES
(1, 'sulabh', 'sulabh@gmail.com', NULL, '$2y$12$rtSdVzBQ3t0o60aKyVV8z..SvMGCeMC9eQkYmxVA3Rc/D3ZL9Dr9C', NULL, '2024-03-09 05:44:50', '2024-03-09 05:44:50');

--
-- Indexes for dumped tables
--

--
-- Indexes for table `failed_jobs`
--
ALTER TABLE `failed_jobs`
  ADD PRIMARY KEY (`id`),
  ADD UNIQUE KEY `failed_jobs_uuid_unique` (`uuid`);

--
-- Indexes for table `migrations`
--
ALTER TABLE `migrations`
  ADD PRIMARY KEY (`id`);

--
-- Indexes for table `password_resets`
--
ALTER TABLE `password_resets`
  ADD KEY `password_resets_email_index` (`email`);

--
-- Indexes for table `password_reset_tokens`
--
ALTER TABLE `password_reset_tokens`
  ADD PRIMARY KEY (`email`);

--
-- Indexes for table `personal_access_tokens`
--
ALTER TABLE `personal_access_tokens`
  ADD PRIMARY KEY (`id`),
  ADD UNIQUE KEY `personal_access_tokens_token_unique` (`token`),
  ADD KEY `personal_access_tokens_tokenable_type_tokenable_id_index` (`tokenable_type`,`tokenable_id`);

--
-- Indexes for table `questions`
--
ALTER TABLE `questions`
  ADD PRIMARY KEY (`id`);

--
-- Indexes for table `subjects`
--
ALTER TABLE `subjects`
  ADD PRIMARY KEY (`id`);

--
-- Indexes for table `tests`
--
ALTER TABLE `tests`
  ADD PRIMARY KEY (`id`);

--
-- Indexes for table `test_questions`
--
ALTER TABLE `test_questions`
  ADD PRIMARY KEY (`id`);

--
-- Indexes for table `users`
--
ALTER TABLE `users`
  ADD PRIMARY KEY (`id`),
  ADD UNIQUE KEY `users_email_unique` (`email`);

--
-- AUTO_INCREMENT for dumped tables
--

--
-- AUTO_INCREMENT for table `failed_jobs`
--
ALTER TABLE `failed_jobs`
  MODIFY `id` bigint UNSIGNED NOT NULL AUTO_INCREMENT;

--
-- AUTO_INCREMENT for table `migrations`
--
ALTER TABLE `migrations`
  MODIFY `id` int UNSIGNED NOT NULL AUTO_INCREMENT, AUTO_INCREMENT=14;

--
-- AUTO_INCREMENT for table `personal_access_tokens`
--
ALTER TABLE `personal_access_tokens`
  MODIFY `id` bigint UNSIGNED NOT NULL AUTO_INCREMENT;

--
-- AUTO_INCREMENT for table `questions`
--
ALTER TABLE `questions`
  MODIFY `id` bigint UNSIGNED NOT NULL AUTO_INCREMENT, AUTO_INCREMENT=51;

--
-- AUTO_INCREMENT for table `subjects`
--
ALTER TABLE `subjects`
  MODIFY `id` bigint UNSIGNED NOT NULL AUTO_INCREMENT, AUTO_INCREMENT=51;

--
-- AUTO_INCREMENT for table `tests`
--
ALTER TABLE `tests`
  MODIFY `id` bigint UNSIGNED NOT NULL AUTO_INCREMENT, AUTO_INCREMENT=8;

--
-- AUTO_INCREMENT for table `test_questions`
--
ALTER TABLE `test_questions`
  MODIFY `id` bigint UNSIGNED NOT NULL AUTO_INCREMENT, AUTO_INCREMENT=12;

--
-- AUTO_INCREMENT for table `users`
--
ALTER TABLE `users`
  MODIFY `id` bigint UNSIGNED NOT NULL AUTO_INCREMENT, AUTO_INCREMENT=2;
COMMIT;

/*!40101 SET CHARACTER_SET_CLIENT=@OLD_CHARACTER_SET_CLIENT */;
/*!40101 SET CHARACTER_SET_RESULTS=@OLD_CHARACTER_SET_RESULTS */;
/*!40101 SET COLLATION_CONNECTION=@OLD_COLLATION_CONNECTION */;
